event_id,phase,iteration,t_pre,t_post,event_active,shap_reason,selected_output,BASE_fitness,OUTPUT_fitness,OBSERVED_fitness,stagnation_state,action_taken,dominant_feature,SHAP_alpha,SHAP_beta,SHAP_danger_signal,SHAP_safety_signal,SHAP_diversity,SHAP_diversity_norm,SHAP_iteration
1,pre,82,82,92,1,pre_intervention,fitness,2894.4636282642355,2894.4636282642355,2894.4636282642355,media,partial_restart,danger_signal,0.4145000940291733,0.3255213886611543,-1.4738921494729573,0.9845535232522751,0.1469466315862638,-0.9054282142326989,0.5077987261767899
1,post,92,82,92,0,post_intervention,fitness,2880.5129785838435,2880.5129785838435,2880.5129785838435,no_stagnation,none,safety_signal,0.046591956880903736,-0.09238282160945346,-0.24373078384104852,0.42362943805497555,-0.04553671441166594,0.09078966256399781,-0.17936073763770916
2,pre,269,269,279,1,pre_intervention,fitness,2871.475322448384,2871.475322448384,2871.475322448384,media,partial_restart,diversity,-0.008611848203944256,-0.0421485243987826,-0.025718591512724653,-0.0672969031965706,0.18614794251769862,-0.027748779118409013,-0.014623296087267503
2,post,279,269,279,0,post_intervention,fitness,2871.475322448384,2871.475322448384,2871.475322448384,alta,none,diversity_norm,0.009427678808755705,0.009427678808755705,0.00658886918138034,0.009427678808755705,-0.009731428784298909,-0.012570238411674274,-0.012570238411674274
3,pre,319,319,329,1,pre_intervention,fitness,2871.475322448384,2871.475322448384,2871.475322448384,alta,partial_restart,safety_signal,0.01096870061670372,0.02791026298684106,0.041221370416770875,-0.3337928711061739,0.13456133514843518,0.07676964392373324,0.04236155801368979
3,post,329,319,329,0,post_intervention,fitness,2870.4114065969065,2870.4114065969065,2870.4114065969065,no_stagnation,none,safety_signal,-0.05758682961565162,0.028990928884280995,0.22558133826742263,-0.3029331674350694,0.010046743693179188,0.08512421451611685,0.01077677168972124
