event_id,phase,iteration,t_pre,t_post,event_active,shap_reason,selected_output,BASE_fitness,OUTPUT_fitness,OBSERVED_fitness,stagnation_state,action_taken,dominant_feature,SHAP_alpha,SHAP_beta,SHAP_danger_signal,SHAP_safety_signal,SHAP_diversity,SHAP_diversity_norm,SHAP_iteration
1,pre,82,82,92,1,pre_intervention,fitness,2134.665052662912,2134.665052662912,2134.665052662912,media,partial_restart,safety_signal,1.1367529876588953,1.0196861736515574,0.5611095238658784,2.7970816316309963,-2.1581479313449217,-2.1713745996651017,-1.1851077857973027
1,post,92,82,92,0,post_intervention,fitness,2134.665052662912,2134.665052662912,2134.665052662912,alta,none,alpha,4.887601282505384,0.9657476707687171,-2.9178996961064954,-1.4378617480235474,0.21234061683475636,-1.5521313801385217,-0.15779674584029224
2,pre,269,269,279,1,pre_intervention,fitness,2066.695362799034,2066.695362799034,2066.695362799034,media,partial_restart,alpha,-0.1071114991565472,-0.1071114991565472,0.0803336243674104,-0.1071114991565472,0.0803336243674104,0.0803336243674104,0.0803336243674104
2,post,279,269,279,0,post_intervention,fitness,2057.2580016173765,2057.2580016173765,2057.2580016173765,no_stagnation,none,alpha,-0.20276262862120176,0.1520719714659013,0.1520719714659013,0.1520719714659013,0.1520719714659013,-0.20276262862120176,-0.20276262862120176
