{
  "instance_id": "S01",
  "scale": "Small",
  "n": 20,
  "m": 8,
  "f": [
    22.943123306386052,
    13.37188594076612,
    14.538746920537447,
    10.246031697172393,
    13.990327349248146,
    28.401728698654438,
    20.96676934244873,
    18.089097367789098
  ],
  "o": [
    0.06491826238848009,
    1.8871405075954426,
    0.140906946111234,
    1.736156180749694,
    0.9059975745463367,
    1.5082905703125413,
    0.5623933561080579,
    0.5372834668977353
  ],
  "L": [
    11.438258912598148,
    16.47460989488623,
    11.532741625542322,
    17.097550158894023,
    14.592148136198244,
    14.089448255085667,
    15.294001803227449,
    11.836896328900398
  ],
  "mu": [
    7.284745634365302,
    7.773231517008676,
    7.692296003569044,
    5.562499672514941,
    3.6462471380337433,
    6.8869859114795124,
    4.027426288503806,
    7.748596327607456
  ],
  "q": [
    1.0,
    4.0,
    2.0,
    4.0,
    4.0,
    2.0,
    3.0,
    3.0,
    1.0,
    4.0,
    1.0,
    2.0,
    4.0,
    3.0,
    4.0,
    1.0,
    4.0,
    1.0,
    3.0,
    4.0
  ],
  "w": [
    1.48110181741424,
    1.3647360471636008,
    1.554401190577741,
    1.9410135113054547,
    1.4134000426897786,
    1.8133515071629729,
    1.4144245188391054,
    1.001584749955526,
    1.5401095570883858,
    1.7864443854425285,
    1.3311374519627304,
    1.5998551847634834,
    1.8045694845140354,
    1.6353710903019552,
    1.5507562651072506,
    1.180783993460304,
    1.0916014075162928,
    1.5510291367552993,
    1.851274012151639,
    1.9309500251359792
  ],
  "d": [
    [
      11.763657095938298,
      9.707284334564415,
      2.782490892832262,
      5.960961616729099,
      10.388531605262212,
      10.031765115381248,
      9.346501628727388,
      6.327651271450656
    ],
    [
      3.2304826458076734,
      1.2949903298158345,
      7.645461319414809,
      5.168048693817848,
      3.6357889118161895,
      3.338498715344597,
      0.9605987108668055,
      4.279808650405256
    ],
    [
      2.534579057144866,
      2.8552743396097195,
      9.04166866379416,
      5.562642610320137,
      0.7071046057517757,
      1.0679411414627717,
      4.669611028828605,
      4.892234835141353
    ],
    [
      8.633181025402246,
      6.70415074393587,
      1.5512066946201077,
      2.204926894803469,
      6.847040941788348,
      6.513575175651361,
      6.925770333413416,
      2.666115190130276
    ],
    [
      7.895699945504902,
      5.819947415385499,
      3.844644736303004,
      4.0510656999903984,
      7.032026321906915,
      6.655408436076453,
      5.2709064411574635,
      3.795535523913985
    ],
    [
      6.791935354383074,
      4.796576519797423,
      3.493991829613754,
      2.02533016718118,
      5.347092117270967,
      4.983290280700205,
      4.940006352494314,
      1.691174680407834
    ],
    [
      8.70540085877661,
      6.742638362746142,
      5.974122426950639,
      6.4316601877861235,
      8.56295274139793,
      8.193271483042194,
      5.549284546053964,
      6.051616809046631
    ],
    [
      6.415801372164844,
      4.542325092237537,
      6.728094422111894,
      5.84667772585455,
      6.641995009358071,
      6.293000719812868,
      3.1975755142988675,
      5.189649503870225
    ],
    [
      9.805165730763502,
      8.005668721591382,
      1.3720796143600806,
      2.8186954631727787,
      7.691387618856607,
      7.4014588905167304,
      8.452721413886637,
      3.613613233873298
    ],
    [
      10.204798469968567,
      8.497087172805887,
      2.1353852252330023,
      3.1788199169826026,
      7.936938881360964,
      7.674933882537281,
      9.081425040960688,
      4.046368019511688
    ],
    [
      6.171954507924721,
      4.3788930761339655,
      7.1832187830882495,
      6.154241362651012,
      6.5937346008977045,
      6.256404936854442,
      2.9022069198585245,
      5.457018534202158
    ],
    [
      8.199714799883418,
      6.1285312138218115,
      3.2019348232288896,
      3.704852298828865,
      7.1271067014179454,
      6.753905556179365,
      5.735781173218096,
      3.582943321344586
    ],
    [
      6.531871519075488,
      4.61966595218545,
      6.469438384627718,
      5.661769209054134,
      6.6495057999432365,
      6.294929157359842,
      3.3528454494332673,
      5.027737843911128
    ],
    [
      10.574432358069505,
      8.83337792998645,
      1.9626252198395089,
      3.5449587115921206,
      8.344632614554756,
      8.076245646216124,
      9.354505412968784,
      4.394824713091177
    ],
    [
      7.689306838482193,
      5.627236621396996,
      3.247815554914828,
      3.184081157785835,
      6.538500309516992,
      6.166446457984615,
      5.362598580093558,
      3.001249087779748
    ],
    [
      8.52754036405959,
      6.63414184305885,
      6.635029545680497,
      6.867745067195474,
      8.60989297362785,
      8.247726345419943,
      5.293760424488478,
      6.416624021795756
    ],
    [
      7.638184297362951,
      6.529729618915369,
      5.449919054446972,
      2.707411047308704,
      4.947638375489197,
      4.825065429473203,
      7.818107664519039,
      3.149160060511293
    ],
    [
      2.776355094151166,
      1.4227550435379506,
      8.623549301571432,
      6.133657972312737,
      3.9543949406411296,
      3.7248356350438656,
      0.5192678598759457,
      5.241751810990893
    ],
    [
      2.0868379020602994,
      0.5005292175231287,
      8.50946248968966,
      5.7135802495645605,
      3.0011358105945236,
      2.7886568988941978,
      1.4141360589191794,
      4.822739362352702
    ],
    [
      11.57694743468856,
      9.604556014420853,
      1.4816026732725454,
      5.026030530021912,
      9.8109565330384,
      9.482632535964244,
      9.605036901436412,
      5.619358979290847
    ]
  ],
  "D_max": 6.0,
  "P_min": 1,
  "P_max": 4,
  "pi": 10000.0
}